{"н": 0.07183703410321932, "а": 0.13174638100795355, "у": 0.048080219156342266, "р": 0.06989005476760542, "о": 0.04801633649290444, "х": 0.02339806092203487, "з": 0.0010814244298294276, "ы": 0.05657750345483212, "һ": 0.014591426932325664, "т": 0.07463523242460413, "ү": 0.021679388233126696, "ҕ": 0.009494722547908823, "ө": 0.014681026432410297, "п": 0.010853478198596236, "к": 0.034080647358880285, "л": 0.052736912856701096, "б": 0.034434227160936116, "э": 0.06769593508904286, "и": 0.06497202721408583, "ч": 0.007563265880653964, "м": 0.01581070404996742, "ҥ": 0.005815897616751798, "е": 0.009240485449854108, "й": 0.015624645644361213, "в": 0.0050722098985658895, "ш": 0.00040680546535114346, "с": 0.038541598787133695, "ю": 0.0003442400925768143, "ь": 0.008063658320530593, "д": 0.02255300116017705, "г": 0.015569841605766402, "я": 0.001975140873852413, "ъ": 8.021232067179261e-05, "ц": 0.001173124474485581, "ф": 0.0010550074116587795, "ж": 0.00044978949042485743, "щ": 0.0001589293384282655, "ё": 1.9403335448791374e-05}